{"box_data": [{"position": {"minX": 462.75, "minY": 335.75, "maxX": 482.75, "maxY": 368.75}, "class_id": 0, "box_caption": "Sorrel 0.002", "scores": {"class_score": 0.0015544891357421875}, "domain": "pixel"}, {"position": {"minX": 144.0, "minY": 161.75, "maxX": 181.0, "maxY": 200.25}, "class_id": 0, "box_caption": "Sorrel 0.001", "scores": {"class_score": 0.0011243820190429688}, "domain": "pixel"}, {"position": {"minX": 77.1875, "minY": 9.1328125, "maxX": 133.375, "maxY": 24.875}, "class_id": 0, "box_caption": "Sorrel 0.001", "scores": {"class_score": 0.0010442733764648438}, "domain": "pixel"}, {"position": {"minX": 77.0625, "minY": 12.453125, "maxX": 126.9375, "maxY": 22.328125}, "class_id": 0, "box_caption": "Sorrel 0.002", "scores": {"class_score": 0.00157928466796875}, "domain": "pixel"}], "class_labels": {"0": "Sorrel"}}