{"box_data": [{"position": {"minX": 248.0, "minY": 325.25, "maxX": 297.5, "maxY": 371.75}, "class_id": 0, "box_caption": "Sorrel 0.001", "scores": {"class_score": 0.0012111663818359375}, "domain": "pixel"}, {"position": {"minX": 183.125, "minY": 11.0546875, "maxX": 232.125, "maxY": 40.8125}, "class_id": 0, "box_caption": "Sorrel 0.002", "scores": {"class_score": 0.0015306472778320312}, "domain": "pixel"}, {"position": {"minX": 65.3125, "minY": 37.34375, "maxX": 233.0, "maxY": 153.375}, "class_id": 0, "box_caption": "Sorrel 0.016", "scores": {"class_score": 0.0161590576171875}, "domain": "pixel"}, {"position": {"minX": 18.6875, "minY": -1.03125, "maxX": 117.0625, "maxY": 15.859375}, "class_id": 0, "box_caption": "Sorrel 0.002", "scores": {"class_score": 0.0015192031860351562}, "domain": "pixel"}], "class_labels": {"0": "Sorrel"}}