{"Labels": [], "Mosaics": [], "train/box_loss": 0.03316228464245796, "train/obj_loss": 0.004555420018732548, "train/cls_loss": 0.003942393232136965, "metrics/precision": 0.04313153832961756, "metrics/recall": 0.8998211091234347, "metrics/mAP_0.5": 0.04345181862705523, "metrics/mAP_0.5:0.95": 0.014477917666865214, "val/box_loss": 0.04192880541086197, "val/obj_loss": 0.012704644352197647, "val/cls_loss": 0.0062744393944740295, "x/lr0": 0.00994459753267812, "x/lr1": 0.00994459753267812, "x/lr2": 0.00994459753267812, "_runtime": 1392, "_timestamp": 1651781325, "_step": 16}