{"box_data": [{"position": {"minX": -0.55859375, "minY": 371.75, "maxX": 11.90625, "maxY": 388.75}, "class_id": 0, "box_caption": "Sorrel 0.002", "scores": {"class_score": 0.0023784637451171875}, "domain": "pixel"}, {"position": {"minX": -0.1640625, "minY": 363.25, "maxX": 10.9609375, "maxY": 382.75}, "class_id": 0, "box_caption": "Sorrel 0.001", "scores": {"class_score": 0.001056671142578125}, "domain": "pixel"}], "class_labels": {"0": "Sorrel"}}