{"box_data": [{"position": {"minX": 1.015625, "minY": 336.75, "maxX": 24.421875, "maxY": 392.25}, "class_id": 0, "box_caption": "Sorrel 0.001", "scores": {"class_score": 0.0011425018310546875}, "domain": "pixel"}, {"position": {"minX": -0.2421875, "minY": 298.5, "maxX": 23.03125, "maxY": 393.0}, "class_id": 0, "box_caption": "Sorrel 0.001", "scores": {"class_score": 0.0010652542114257812}, "domain": "pixel"}, {"position": {"minX": 0.78515625, "minY": 286.25, "maxX": 16.53125, "maxY": 400.75}, "class_id": 0, "box_caption": "Sorrel 0.001", "scores": {"class_score": 0.0011205673217773438}, "domain": "pixel"}], "class_labels": {"0": "Sorrel"}}