{"box_data": [{"position": {"minX": -1.0078125, "minY": 370.25, "maxX": 10.4609375, "maxY": 389.75}, "class_id": 0, "box_caption": "Sorrel 0.001", "scores": {"class_score": 0.001155853271484375}, "domain": "pixel"}, {"position": {"minX": 0.0390625, "minY": 362.75, "maxX": 10.9609375, "maxY": 383.25}, "class_id": 0, "box_caption": "Sorrel 0.002", "scores": {"class_score": 0.0015611648559570312}, "domain": "pixel"}], "class_labels": {"0": "Sorrel"}}