{"box_data": [{"position": {"minX": 56.75, "minY": 11.375, "maxX": 216.75, "maxY": 108.25}, "class_id": 0, "box_caption": "Sorrel 0.001", "scores": {"class_score": 0.0012598037719726562}, "domain": "pixel"}, {"position": {"minX": 65.875, "minY": -1.4296875, "maxX": 170.625, "maxY": 16.40625}, "class_id": 0, "box_caption": "Sorrel 0.001", "scores": {"class_score": 0.0012788772583007812}, "domain": "pixel"}, {"position": {"minX": -0.5078125, "minY": 371.75, "maxX": 11.7734375, "maxY": 389.25}, "class_id": 0, "box_caption": "Sorrel 0.002", "scores": {"class_score": 0.001987457275390625}, "domain": "pixel"}], "class_labels": {"0": "Sorrel"}}