{"Labels": [], "Mosaics": [], "train/box_loss": 0.048587359488010406, "train/obj_loss": 0.020358918234705925, "train/cls_loss": 0.011162925511598587, "metrics/precision": 0.01045189056255764, "metrics/recall": 0.8793103448275862, "metrics/mAP_0.5": 0.010987408348476651, "metrics/mAP_0.5:0.95": 0.0031242294543027587, "val/box_loss": 0.04425138607621193, "val/obj_loss": 0.028327669948339462, "val/cls_loss": 0.00928571168333292, "x/lr0": 0.0030200075820071485, "x/lr1": 0.0030200075820071485, "x/lr2": 0.07252000758200715, "_runtime": 226, "_timestamp": 1639964774, "_step": 8, "_wandb": {"runtime": 247}}