{"box_data": [{"position": {"minX": 3.828125, "minY": 369.25, "maxX": 31.671875, "maxY": 381.25}, "class_id": 0, "box_caption": "Sorrel 0.001", "scores": {"class_score": 0.0012159347534179688}, "domain": "pixel"}, {"position": {"minX": 2.6796875, "minY": 358.25, "maxX": 24.5, "maxY": 381.75}, "class_id": 0, "box_caption": "Sorrel 0.001", "scores": {"class_score": 0.0011072158813476562}, "domain": "pixel"}, {"position": {"minX": 1.828125, "minY": 367.25, "maxX": 17.546875, "maxY": 380.75}, "class_id": 0, "box_caption": "Sorrel 0.001", "scores": {"class_score": 0.0010690689086914062}, "domain": "pixel"}, {"position": {"minX": -0.1640625, "minY": 364.5, "maxX": 11.4765625, "maxY": 382.0}, "class_id": 0, "box_caption": "Sorrel 0.001", "scores": {"class_score": 0.0010528564453125}, "domain": "pixel"}], "class_labels": {"0": "Sorrel"}}