{"box_data": [{"position": {"minX": 628.0, "minY": -35.375, "maxX": 678.0, "maxY": 12.234375}, "class_id": 0, "box_caption": "Sorrel 0.001", "scores": {"class_score": 0.0011968612670898438}, "domain": "pixel"}, {"position": {"minX": -15.109375, "minY": -32.75, "maxX": 29.734375, "maxY": 18.671875}, "class_id": 0, "box_caption": "Sorrel 0.001", "scores": {"class_score": 0.0013723373413085938}, "domain": "pixel"}, {"position": {"minX": 0.17578125, "minY": 306.75, "maxX": 13.125, "maxY": 384.25}, "class_id": 0, "box_caption": "Sorrel 0.002", "scores": {"class_score": 0.00154876708984375}, "domain": "pixel"}, {"position": {"minX": 0.0703125, "minY": -8.421875, "maxX": 9.8359375, "maxY": 49.875}, "class_id": 0, "box_caption": "Sorrel 0.001", "scores": {"class_score": 0.0010280609130859375}, "domain": "pixel"}], "class_labels": {"0": "Sorrel"}}