{"Labels": [], "Mosaics": [], "train/box_loss": 0.05630180984735489, "train/obj_loss": 0.03169214725494385, "train/cls_loss": 0.08005703240633011, "metrics/precision": 0.000635593220338983, "metrics/recall": 0.07758620689655173, "metrics/mAP_0.5": 0.0003698091521601607, "metrics/mAP_0.5:0.95": 9.796340289068098e-05, "val/box_loss": 0.05429353564977646, "val/obj_loss": 0.047733619809150696, "val/cls_loss": 0.05157408118247986, "x/lr0": 0.001687332819459248, "x/lr1": 0.001687332819459248, "x/lr2": 0.08478733281945926, "_runtime": 131, "_timestamp": 1641477429, "_step": 4}