{"box_data": [{"position": {"minX": -0.6953125, "minY": -4.875, "maxX": 18.78125, "maxY": 56.9375}, "class_id": 0, "box_caption": "Sorrel 0.002", "scores": {"class_score": 0.0020275115966796875}, "domain": "pixel"}, {"position": {"minX": -0.22265625, "minY": -6.40625, "maxX": 12.109375, "maxY": 48.96875}, "class_id": 0, "box_caption": "Sorrel 0.001", "scores": {"class_score": 0.0012350082397460938}, "domain": "pixel"}, {"position": {"minX": 0.66015625, "minY": -5.1640625, "maxX": 11.765625, "maxY": 29.90625}, "class_id": 0, "box_caption": "Sorrel 0.002", "scores": {"class_score": 0.0018825531005859375}, "domain": "pixel"}], "class_labels": {"0": "Sorrel"}}