{"box_data": [{"position": {"minX": 0.57421875, "minY": -2.671875, "maxX": 15.296875, "maxY": 48.5625}, "class_id": 0, "box_caption": "Sorrel 0.001", "scores": {"class_score": 0.0012063980102539062}, "domain": "pixel"}, {"position": {"minX": 0.2578125, "minY": -1.15625, "maxX": 13.2421875, "maxY": 24.96875}, "class_id": 0, "box_caption": "Sorrel 0.002", "scores": {"class_score": 0.0018100738525390625}, "domain": "pixel"}, {"position": {"minX": 0.4609375, "minY": -0.453125, "maxX": 11.1953125, "maxY": 39.9375}, "class_id": 0, "box_caption": "Sorrel 0.001", "scores": {"class_score": 0.0013561248779296875}, "domain": "pixel"}], "class_labels": {"0": "Sorrel"}}