{"box_data": [{"position": {"minX": 70.125, "minY": 35.0625, "maxX": 228.375, "maxY": 157.5}, "class_id": 0, "box_caption": "Sorrel 0.010", "scores": {"class_score": 0.0099334716796875}, "domain": "pixel"}, {"position": {"minX": -0.6015625, "minY": -2.640625, "maxX": 17.875, "maxY": 51.375}, "class_id": 0, "box_caption": "Sorrel 0.001", "scores": {"class_score": 0.0010118484497070312}, "domain": "pixel"}, {"position": {"minX": 0.09765625, "minY": -1.8203125, "maxX": 11.625, "maxY": 26.0625}, "class_id": 0, "box_caption": "Sorrel 0.001", "scores": {"class_score": 0.0010118484497070312}, "domain": "pixel"}, {"position": {"minX": -0.17578125, "minY": -1.9375, "maxX": 11.6875, "maxY": 43.6875}, "class_id": 0, "box_caption": "Sorrel 0.001", "scores": {"class_score": 0.001094818115234375}, "domain": "pixel"}], "class_labels": {"0": "Sorrel"}}