{"box_data": [{"position": {"minX": 0.5546875, "minY": -3.25, "maxX": 14.4921875, "maxY": 47.90625}, "class_id": 0, "box_caption": "Sorrel 0.001", "scores": {"class_score": 0.0011968612670898438}, "domain": "pixel"}, {"position": {"minX": 0.01171875, "minY": -1.2109375, "maxX": 12.75, "maxY": 23.59375}, "class_id": 0, "box_caption": "Sorrel 0.002", "scores": {"class_score": 0.0021648406982421875}, "domain": "pixel"}], "class_labels": {"0": "Sorrel"}}