{"Labels": [], "Mosaics": [], "train/box_loss": 0.11085344105958939, "train/obj_loss": 0.03127075359225273, "train/cls_loss": 2.8975894451141357, "metrics/precision": 0.00046610169491525426, "metrics/recall": 0.056896551724137934, "metrics/mAP_0.5": 0.0002572047699793047, "metrics/mAP_0.5:0.95": 6.476329276400518e-05, "val/box_loss": 0.10181152820587158, "val/obj_loss": 0.04580223932862282, "val/cls_loss": 1.250433325767517, "x/lr0": 0.00033000000000000005, "x/lr1": 0.00033000000000000005, "x/lr2": 0.09703, "_runtime": 36, "_timestamp": 1641477277, "_step": 0}