{"Labels": [], "Mosaics": [], "train/box_loss": 0.10701711475849152, "train/obj_loss": 0.031956352293491364, "train/cls_loss": 1.2635374069213867, "metrics/precision": 0.0002824858757062147, "metrics/recall": 0.034482758620689655, "metrics/mAP_0.5": 0.001168127486293904, "metrics/mAP_0.5:0.95": 0.00014723535389316595, "val/box_loss": 0.10915947705507278, "val/obj_loss": 0.03119000606238842, "val/cls_loss": 0.8515136241912842, "x/lr0": 0.00033000000000000005, "x/lr1": 0.00033000000000000005, "x/lr2": 0.09703, "_runtime": 37, "_timestamp": 1639970094, "_step": 0}